"region","b1","start_date","loss","initial.infected","state"
"Adams County, CO",0.91,2020-03-06,1.56972158495737,1,"Adams County, CO"
"Alabama",1.3,2020-03-06,2.30187800403435,1,"Alabama"
"Alameda County, CA",1.33,2020-03-06,0.655190109505232,1,"Alameda County, CA"
"Alaska",0.43,2020-02-28,1.22598997393909,1,"Alaska"
"Albany County, NY",0.68,2020-03-07,0.81212877292233,1,"Albany County, NY"
"Allegheny County, PA",0.38,2020-02-29,0.404578698588548,1,"Allegheny County, PA"
"Allen County, IN",0.48,2020-03-07,0.346844896463306,1,"Allen County, IN"
"Allen County, OH",0,2020-03-10,0.286659975881134,1,"Allen County, OH"
"Anne Arundel County, MD",1.09,2020-03-06,2.85983082641656,1,"Anne Arundel County, MD"
"Anoka County, MN",0,2020-03-13,0.301161567487455,1,"Anoka County, MN"
"Arapahoe County, CO",1.01,2020-03-06,1.07389942839332,1,"Arapahoe County, CO"
"Arizona",0.93,2020-02-28,2.42448398802477,1,"Arizona"
"Arkansas",1.01,2020-03-06,0.913624876383771,1,"Arkansas"
"Arlington County, VA",0.68,2020-03-06,0.991938616030362,1,"Arlington County, VA"
"Ashtabula County, OH",0,2020-03-10,0.286661607591936,1,"Ashtabula County, OH"
"Atlantic County, NJ",0.08,2020-03-15,0.243935457635338,1,"Atlantic County, NJ"
"Baltimore County, MD",1.19,2020-03-06,3.2432942586989,1,"Baltimore County, MD"
"Barnstable County, MA",0.87,2020-03-06,0.630518343314386,1,"Barnstable County, MA"
"Bartholomew County, IN",0,2020-03-16,0.227749991648465,1,"Bartholomew County, IN"
"Bartow County, GA",0.47,2020-02-29,1.02933939954878,1,"Bartow County, GA"
"Beaver County, PA",0.74,2020-03-06,1.02458976656282,1,"Beaver County, PA"
"Benton County, WA",1.13,2020-03-06,1.40151149393457,1,"Benton County, WA"
"Bergen County, NJ",1.28,2020-02-28,11.0464305400307,1,"Bergen County, NJ"
"Berks County, PA",0.23,2020-03-08,0.526624292377001,1,"Berks County, PA"
"Berkshire County, MA",1.18,2020-03-06,0.625527517166553,1,"Berkshire County, MA"
"Bernalillo County, NM",0.91,2020-03-06,0.95948538891594,1,"Bernalillo County, NM"
"Berrien County, MI",0.53,2020-03-14,0.229211436424943,1,"Berrien County, MI"
"Bexar County, TX",0.82,2020-03-05,1.35159014532579,1,"Bexar County, TX"
"Boone County, IN",0.02,2020-03-16,0.243330254427306,1,"Boone County, IN"
"Boulder County, CO",1.23,2020-03-13,0.249600960748591,1,"Boulder County, CO"
"Brazos County, TX",0.68,2020-03-07,0.58394167399533,1,"Brazos County, TX"
"Bristol County, MA",0.86,2020-03-06,0.898939871522905,1,"Bristol County, MA"
"Bronx County, NY",1.04,2020-02-21,20.9935022515661,1,"Bronx County, NY"
"Broome County, NY",0.84,2020-03-06,0.317573376143476,1,"Broome County, NY"
"Broward County, FL",0.83,2020-02-28,3.97968536792646,1,"Broward County, FL"
"Brown County, WI",0.02,2020-03-16,0.219598032611431,1,"Brown County, WI"
"Bucks County, PA",1.3,2020-03-06,1.61620974405509,1,"Bucks County, PA"
"Burlington County, NJ",1.03,2020-03-06,0.919339035037231,1,"Burlington County, NJ"
"Cabarrus County, NC",0.17,2020-03-05,0.237057411531398,1,"Cabarrus County, NC"
"Calhoun County, MI",0.23,2020-03-15,0.26299884967201,1,"Calhoun County, MI"
"California",0.53,2020-02-04,12.0037326948355,1,"California"
"Camden County, NJ",0.88,2020-03-06,0.790502442697096,1,"Camden County, NJ"
"Cameron County, TX",1.33,2020-03-19,0.454971785153903,1,"Cameron County, TX"
"Cape May County, NJ",0,2020-03-16,0.175656516768229,1,"Cape May County, NJ"
"Carbon County, PA",0.08,2020-03-10,0.271877679160815,1,"Carbon County, PA"
"Carroll County, GA",0.77,2020-03-12,0.516573254923003,1,"Carroll County, GA"
"Carroll County, MD",1.18,2020-03-06,2.51827964028704,1,"Carroll County, MD"
"Chaffee County, CO",1.01,2020-03-13,0.258736943389143,1,"Chaffee County, CO"
"Charles County, MD",0.57,2020-03-06,1.03914608924838,1,"Charles County, MD"
"Charlotte County, FL",0.9,2020-03-13,0.731838402999244,1,"Charlotte County, FL"
"Chester County, PA",0.38,2020-03-07,0.449471737224731,1,"Chester County, PA"
"Chesterfield County, VA",0.94,2020-03-13,0.62990180400818,1,"Chesterfield County, VA"
"Chittenden County, VT",0.42,2020-02-23,0.9112897496798,1,"Chittenden County, VT"
"Clarendon County, SC",0.92,2020-03-13,0.430246851305776,1,"Clarendon County, SC"
"Clark County, IN",1.15,2020-03-13,0.642422065362151,1,"Clark County, IN"
"Clark County, NV",1.02,2020-02-28,3.81103079503356,1,"Clark County, NV"
"Clark County, WA",0.38,2020-02-20,0.615064901702037,1,"Clark County, WA"
"Clay County, FL",0.42,2020-02-27,0.653084065315635,1,"Clay County, FL"
"Clayton County, GA",0.43,2020-02-27,1.19655860693199,1,"Clayton County, GA"
"Cleveland County, OK",0.89,2020-03-06,0.725398852129562,1,"Cleveland County, OK"
"Cobb County, GA",0.43,2020-02-17,1.69086261645748,1,"Cobb County, GA"
"Coconino County, AZ",0.92,2020-03-06,1.05155296501084,1,"Coconino County, AZ"
"Collier County, FL",0.89,2020-03-13,0.325347890656814,1,"Collier County, FL"
"Collin County, TX",0.99,2020-03-13,0.579444726946729,1,"Collin County, TX"
"Colorado",1.17,2020-02-28,2.65323287994963,1,"Colorado"
"Columbia County, NY",0.48,2020-03-07,0.401124251254353,1,"Columbia County, NY"
"Columbia County, PA",0,2020-03-10,0.284211504843749,1,"Columbia County, PA"
"Columbiana County, OH",0.72,2020-03-06,0.568376431512952,1,"Columbiana County, OH"
"Connecticut",1.33,2020-02-28,7.50429078801342,1,"Connecticut"
"Contra Costa County, CA",0.9,2020-03-06,0.307463333505247,1,"Contra Costa County, CA"
"Cook County, IL",1.3,2020-02-28,9.06335891633978,1,"Cook County, IL"
"Cumberland County, ME",0.82,2020-03-06,0.728752154441613,1,"Cumberland County, ME"
"Cumberland County, NJ",0.43,2020-03-14,0.254083705421836,1,"Cumberland County, NJ"
"Cumberland County, PA",0.43,2020-03-07,0.33726092616888,1,"Cumberland County, PA"
"Cuyahoga County, OH",1.3,2020-03-06,0.944928078964578,1,"Cuyahoga County, OH"
"Dallas County, TX",0.44,2020-02-20,1.99138470953947,1,"Dallas County, TX"
"Dane County, WI",0.77,2020-03-06,0.976712801870303,1,"Dane County, WI"
"Dauphin County, PA",0.08,2020-03-10,0.271847106914979,1,"Dauphin County, PA"
"Davidson County, TN",0.73,2020-03-06,0.730655987130251,1,"Davidson County, TN"
"DeKalb County, GA",0.53,2020-03-01,1.16516136539319,1,"DeKalb County, GA"
"Delaware",1.3,2020-03-06,1.20077844490588,1,"Delaware"
"Delaware County, OK",0,2020-03-17,0.205771576527977,1,"Delaware County, OK"
"Delaware County, PA",1.27,2020-03-05,1.28881658295948,1,"Delaware County, PA"
"Denton County, TX",0.66,2020-03-06,0.686532771191829,1,"Denton County, TX"
"Denver County, CO",1.14,2020-03-06,2.06256342858901,1,"Denver County, CO"
"District of Columbia",0.53,2020-02-23,5.36261999110765,1,"District of Columbia"
"Dougherty County, GA",0.84,2020-02-28,3.94986614998572,1,"Dougherty County, GA"
"Douglas County, CO",1.33,2020-03-13,0.999999917931504,1,"Douglas County, CO"
"DuPage County, IL",1.33,2020-03-06,1.24640047969257,1,"DuPage County, IL"
"Durham County, NC",0.18,2020-03-14,0.273925977145502,1,"Durham County, NC"
"Dutchess County, NY",1.04,2020-03-06,0.919662402384092,1,"Dutchess County, NY"
"Duval County, FL",0.48,2020-02-27,0.813354972789344,1,"Duval County, FL"
"Elkhart County, IN",1.21,2020-03-13,0.460874103664523,1,"Elkhart County, IN"
"El Paso County, CO",0.74,2020-02-28,0.760907649968503,1,"El Paso County, CO"
"El Paso County, TX",1.26,2020-03-20,0.524592652124741,1,"El Paso County, TX"
"Erie County, NY",0.8,2020-02-28,2.40582079297972,1,"Erie County, NY"
"Escambia County, FL",0.74,2020-03-13,0.480963043308782,1,"Escambia County, FL"
"Essex County, MA",0.88,2020-02-29,2.97802398046962,1,"Essex County, MA"
"Essex County, NJ",1.24,2020-02-28,12.0674389817079,1,"Essex County, NJ"
"Fairfax County, VA",0.85,2020-03-06,1.86270674964036,1,"Fairfax County, VA"
"Fairfield County, CT",1.16,2020-02-28,4.40851580676208,1,"Fairfield County, CT"
"Florence County, SC",0.37,2020-02-27,0.466953654194368,1,"Florence County, SC"
"Florida",1.2,2020-02-28,19.5684473988286,1,"Florida"
"Floyd County, IN",0,2020-03-16,0.227750486560891,1,"Floyd County, IN"
"Forrest County, MS",0.38,2020-03-14,0.367337084140513,1,"Forrest County, MS"
"Fort Bend County, TX",1.17,2020-03-13,0.646699845756655,1,"Fort Bend County, TX"
"Franklin County, MA",1.09,2020-03-06,1.01328110212758,1,"Franklin County, MA"
"Franklin County, OH",0.95,2020-03-06,0.603517533790862,1,"Franklin County, OH"
"Frederick County, MD",0.83,2020-03-07,1.61615536605598,1,"Frederick County, MD"
"Fulton County, GA",0.67,2020-02-27,3.38614104945241,1,"Fulton County, GA"
"Geauga County, OH",0,2020-03-10,0.286663023551393,1,"Geauga County, OH"
"Genesee County, MI",1.15,2020-03-06,1.60654466946296,1,"Genesee County, MI"
"Georgia",0.63,2020-02-13,16.4722503988258,1,"Georgia"
"Gloucester County, NJ",0.48,2020-03-07,0.342143563816764,1,"Gloucester County, NJ"
"Graves County, KY",0,2020-03-16,0.229786241608857,1,"Graves County, KY"
"Greenville County, SC",1.13,2020-03-13,0.746381436169793,1,"Greenville County, SC"
"Guilford County, NC",0.66,2020-03-06,1.15101983030076,1,"Guilford County, NC"
"Gwinnett County, GA",0.79,2020-03-06,1.46359260257539,1,"Gwinnett County, GA"
"Habersham County, GA",0.13,2020-03-16,0.407979694192875,1,"Habersham County, GA"
"Hall County, GA",0,2020-01-27,0.878609978278398,1,"Hall County, GA"
"Hamilton County, IN",1.28,2020-03-12,0.760261230401997,1,"Hamilton County, IN"
"Hamilton County, OH",0.33,2020-03-07,0.57516350857203,1,"Hamilton County, OH"
"Hampden County, MA",0.93,2020-02-29,4.34560289812667,1,"Hampden County, MA"
"Hampshire County, MA",0.7,2020-03-06,0.382434094893931,1,"Hampshire County, MA"
"Hancock County, IN",0.43,2020-03-07,0.276805631707897,1,"Hancock County, IN"
"Hanover County, VA",0,2020-03-16,0.298628169391914,1,"Hanover County, VA"
"Harford County, MD",0,2020-03-10,0.368073503297955,1,"Harford County, MD"
"Harris County, TX",0.97,2020-03-06,1.65356389049652,1,"Harris County, TX"
"Hartford County, CT",1.33,2020-03-06,1.42368878652931,1,"Hartford County, CT"
"Hawaii",0.63,2020-03-07,0.831336039310208,1,"Hawaii"
"Henderson County, NC",0.28,2020-03-14,0.440433411307615,1,"Henderson County, NC"
"Hendricks County, IN",1.3,2020-03-13,0.586032184991538,1,"Hendricks County, IN"
"Hennepin County, MN",1.08,2020-03-06,1.36234371478803,1,"Hennepin County, MN"
"Henrico County, VA",1.01,2020-03-06,3.73333084263127,1,"Henrico County, VA"
"Hillsdale County, MI",1.16,2020-03-13,0.297254671716836,1,"Hillsdale County, MI"
"Hopkins County, KY",1.23,2020-03-13,0.278754990056933,1,"Hopkins County, KY"
"Horry County, SC",0.58,2020-03-05,0.609490501349526,1,"Horry County, SC"
"Howard County, MD",0.68,2020-03-07,0.606548639134199,1,"Howard County, MD"
"Hudson County, NJ",0.98,2020-02-28,6.92608996603348,1,"Hudson County, NJ"
"Hunterdon County, NJ",0,2020-03-16,0.175655312229368,1,"Hunterdon County, NJ"
"Idaho",0.56,2020-02-29,1.02694057242692,1,"Idaho"
"Illinois",0.92,2020-02-21,14.6303991216895,1,"Illinois"
"Indiana",1.24,2020-02-28,4.03456970681503,1,"Indiana"
"Ingham County, MI",0.48,2020-03-14,0.236766585302322,1,"Ingham County, MI"
"Iowa",1.2,2020-03-06,1.58974763603088,1,"Iowa"
"Jackson County, MI",1.33,2020-03-13,0.366562051174485,1,"Jackson County, MI"
"Jackson County, MO",1.08,2020-03-13,1.55197250240176,1,"Jackson County, MO"
"Jefferson County, AL",1.27,2020-03-12,1.26601630056044,1,"Jefferson County, AL"
"Jefferson County, CO",1.11,2020-03-06,1.04017535877471,1,"Jefferson County, CO"
"Jefferson County, KY",1.29,2020-03-06,1.42652483477307,1,"Jefferson County, KY"
"Jefferson County, TX",0.84,2020-03-13,0.624788029014328,1,"Jefferson County, TX"
"Johnson County, IN",0.37,2020-02-26,0.529978109226196,1,"Johnson County, IN"
"Johnson County, KS",0.81,2020-03-06,0.698889203451462,1,"Johnson County, KS"
"Johnston County, NC",1.27,2020-03-12,0.424422587480227,1,"Johnston County, NC"
"Kalamazoo County, MI",1.13,2020-03-13,0.410328319207429,1,"Kalamazoo County, MI"
"Kane County, IL",1.15,2020-03-06,0.811212752886015,1,"Kane County, IL"
"Kankakee County, IL",0.02,2020-03-12,0.373935179730909,1,"Kankakee County, IL"
"Kansas",1.23,2020-03-06,1.18534105459007,1,"Kansas"
"Kent County, DE",0.53,2020-03-07,0.442722682550322,1,"Kent County, DE"
"Kent County, MI",1.33,2020-03-13,0.472110034351687,1,"Kent County, MI"
"Kent County, RI",0,2020-03-16,0.274236317371154,1,"Kent County, RI"
"Kenton County, KY",0.68,2020-03-07,1.19002796809623,1,"Kenton County, KY"
"Kentucky",0.98,2020-02-29,3.87262705478614,1,"Kentucky"
"King County, WA",0.47,2020-01-30,7.83322167813188,1,"King County, WA"
"Kings County, NY",1.09,2020-02-21,24.1232492879861,1,"Kings County, NY"
"Lackawanna County, PA",1,2020-03-06,0.477645429899603,1,"Lackawanna County, PA"
"Lake County, IL",0.02,2020-01-27,1.48422488531509,1,"Lake County, IL"
"Lake County, IN",0.8,2020-03-06,0.970855981329013,1,"Lake County, IN"
"Lancaster County, PA",1,2020-03-06,0.878843292105405,1,"Lancaster County, PA"
"Lapeer County, MI",0,2020-03-16,0.2218250485322,1,"Lapeer County, MI"
"Larimer County, CO",0.85,2020-03-06,0.729221200146968,1,"Larimer County, CO"
"Lauderdale County, MS",0.96,2020-03-13,0.939205248935628,1,"Lauderdale County, MS"
"Lawrence County, IN",1.27,2020-03-12,0.828988883050547,1,"Lawrence County, IN"
"Lebanon County, PA",0,2020-03-10,0.284192984851659,1,"Lebanon County, PA"
"Lee County, AL",1.21,2020-03-13,0.548502923060642,1,"Lee County, AL"
"Lee County, FL",0.4,2020-02-20,0.806922419130645,1,"Lee County, FL"
"Leflore County, MS",0.76,2020-03-13,0.551389026922899,1,"Leflore County, MS"
"Lehigh County, PA",1.15,2020-03-06,0.672648799665469,1,"Lehigh County, PA"
"Lexington County, SC",0.57,2020-03-06,0.667237642685304,1,"Lexington County, SC"
"Litchfield County, CT",0.18,2020-03-08,0.354985808678358,1,"Litchfield County, CT"
"Livingston County, MI",0.43,2020-03-07,0.446093407716492,1,"Livingston County, MI"
"Lorain County, OH",0.53,2020-03-07,0.444582206244775,1,"Lorain County, OH"
"Los Angeles County, CA",1.26,2020-02-28,2.7091763348454,1,"Los Angeles County, CA"
"Loudoun County, VA",0.58,2020-03-07,0.391938401440594,1,"Loudoun County, VA"
"Louisiana",1.05,2020-02-21,10.3444782829361,1,"Louisiana"
"Lubbock County, TX",1.31,2020-03-13,1.40426957629032,1,"Lubbock County, TX"
"Lucas County, OH",0.91,2020-03-06,0.643522908824434,1,"Lucas County, OH"
"Luzerne County, PA",1.02,2020-03-06,0.494150243058819,1,"Luzerne County, PA"
"Macomb County, MI",1.01,2020-02-28,3.05311221856097,1,"Macomb County, MI"
"Madison County, IL",0.02,2020-03-13,0.224976984854565,1,"Madison County, IL"
"Madison County, IN",0.83,2020-03-07,1.27214493493872,1,"Madison County, IN"
"Mahoning County, OH",1.32,2020-03-06,1.28458766761174,1,"Mahoning County, OH"
"Maine",0.96,2020-03-06,0.932906152806133,1,"Maine"
"Manatee County, FL",0.76,2020-03-06,1.2673195946891,1,"Manatee County, FL"
"Maricopa County, AZ",0.76,2020-02-28,2.69916764704378,1,"Maricopa County, AZ"
"Marion County, IN",0.82,2020-02-28,1.70582828676542,1,"Marion County, IN"
"Marion County, OR",0.87,2020-03-06,0.373971175701065,1,"Marion County, OR"
"Maryland",1.22,2020-02-28,19.2465327939374,1,"Maryland"
"Massachusetts",0.95,2020-02-21,18.0098454419064,1,"Massachusetts"
"McHenry County, IL",0.62,2020-03-06,0.367692963319854,1,"McHenry County, IL"
"McKinley County, NM",0.2,2020-03-13,0.374417364977506,1,"McKinley County, NM"
"Mecklenburg County, NC",0.73,2020-03-07,1.09918538188952,1,"Mecklenburg County, NC"
"Medina County, OH",0.33,2020-03-08,0.333634189625992,1,"Medina County, OH"
"Mercer County, NJ",0.63,2020-03-07,0.892297769695836,1,"Mercer County, NJ"
"Miami County, OH",1.16,2020-03-06,0.60559040488056,1,"Miami County, OH"
"Miami-Dade County, FL",1.33,2020-03-06,5.78952356768642,1,"Miami-Dade County, FL"
"Michigan",1.06,2020-02-21,30.5541693818422,1,"Michigan"
"Middlesex County, CT",0.48,2020-03-07,0.29093336644652,1,"Middlesex County, CT"
"Middlesex County, MA",0.95,2020-02-28,3.96544435376326,1,"Middlesex County, MA"
"Middlesex County, NJ",1.01,2020-02-28,5.63688717295279,1,"Middlesex County, NJ"
"Milwaukee County, WI",0.8,2020-02-28,3.65994498004218,1,"Milwaukee County, WI"
"Minnesota",0.8,2020-02-28,2.68924025987335,1,"Minnesota"
"Mississippi",0.63,2020-02-23,3.54477036082851,1,"Mississippi"
"Missouri",0.83,2020-02-29,6.04805511753016,1,"Missouri"
"Mobile County, AL",0.7,2020-03-06,0.898610088228886,1,"Mobile County, AL"
"Mohave County, AZ",0.02,2020-03-15,0.454984050444773,1,"Mohave County, AZ"
"Monmouth County, NJ",0.96,2020-02-28,4.27582618205459,1,"Monmouth County, NJ"
"Monroe County, MI",0,2020-03-16,0.221818570553253,1,"Monroe County, MI"
"Monroe County, MS",0.43,2020-03-14,0.283672296890922,1,"Monroe County, MS"
"Monroe County, NY",1.33,2020-03-06,0.743253853702095,1,"Monroe County, NY"
"Monroe County, PA",1.27,2020-03-05,0.973183424409941,1,"Monroe County, PA"
"Montana",0.58,2020-03-05,0.689714396740093,1,"Montana"
"Montgomery County, MD",1.27,2020-03-05,4.18499599144475,1,"Montgomery County, MD"
"Montgomery County, PA",0.78,2020-02-29,1.86536069295998,1,"Montgomery County, PA"
"Montgomery County, TX",0.83,2020-03-13,0.535038316094332,1,"Montgomery County, TX"
"Morgan County, CO",0,2020-03-17,0.209749791756192,1,"Morgan County, CO"
"Morris County, NJ",0.97,2020-02-28,3.91823207260991,1,"Morris County, NJ"
"Multnomah County, OR",0.87,2020-03-06,0.699105973859134,1,"Multnomah County, OR"
"Muskegon County, MI",1.33,2020-03-13,0.455184475543683,1,"Muskegon County, MI"
"Nassau County, NY",1.33,2020-02-28,9.0792225526974,1,"Nassau County, NY"
"Navajo County, AZ",1.31,2020-03-13,0.859655883697741,1,"Navajo County, AZ"
"Nebraska",0.37,2020-02-11,14.7932437307012,1,"Nebraska"
"Nevada",1.09,2020-02-28,6.02025958678756,1,"Nevada"
"New Castle County, DE",1.04,2020-03-06,0.959223487705263,1,"New Castle County, DE"
"New Hampshire",0.99,2020-03-06,1.19022224779594,1,"New Hampshire"
"New Haven County, CT",0.75,2020-02-28,1.91595664962074,1,"New Haven County, CT"
"New Jersey",1.16,2020-02-21,47.2879771836289,1,"New Jersey"
"New London County, CT",0.07,2020-03-10,0.257512992780043,1,"New London County, CT"
"New Mexico",1.12,2020-03-06,1.15934415573877,1,"New Mexico"
"New York",1.18,2020-02-15,191.035631950597,1,"New York"
"New York County, NY",1,2020-02-21,11.1886934487155,1,"New York County, NY"
"Nez Perce County, ID",0.38,2020-03-07,0.313320332670561,1,"Nez Perce County, ID"
"Niagara County, NY",0,2020-03-10,0.272153959542439,1,"Niagara County, NY"
"Norfolk County, MA",0.88,2020-02-29,2.32494423545313,1,"Norfolk County, MA"
"Northampton County, PA",0.66,2020-02-28,0.909363254177823,1,"Northampton County, PA"
"North Carolina",0.87,2020-02-28,5.28252372476442,1,"North Carolina"
"North Dakota",0.25,2020-02-03,5.03174912319844,1,"North Dakota"
"Oakland County, MI",1.22,2020-02-28,7.38554667051606,1,"Oakland County, MI"
"Ocean County, NJ",0.94,2020-02-28,4.79667678209078,1,"Ocean County, NJ"
"Ohio",1.26,2020-02-28,5.32488077754279,1,"Ohio"
"Oklahoma",0.86,2020-02-28,1.6178373104563,1,"Oklahoma"
"Oklahoma County, OK",0.92,2020-03-06,0.956963347026489,1,"Oklahoma County, OK"
"Oneida County, NY",0.23,2020-03-08,0.401304934761181,1,"Oneida County, NY"
"Onondaga County, NY",0.63,2020-03-07,0.529135073093539,1,"Onondaga County, NY"
"Orange County, CA",1.28,2020-03-06,0.930451291055418,1,"Orange County, CA"
"Orange County, FL",0.51,2020-02-28,0.729618930053201,1,"Orange County, FL"
"Orange County, NY",0.96,2020-02-28,5.53571740391841,1,"Orange County, NY"
"Oregon",0.88,2020-02-28,1.00586192521146,1,"Oregon"
"Ottawa County, MI",0,2020-03-16,0.221814213891596,1,"Ottawa County, MI"
"Palm Beach County, FL",0.86,2020-02-28,4.50137176093737,1,"Palm Beach County, FL"
"Passaic County, NJ",0.82,2020-02-28,3.51862815716998,1,"Passaic County, NJ"
"Pearl River County, MS",0.88,2020-03-14,0.742838659020079,1,"Pearl River County, MS"
"Pennsylvania",0.9,2020-02-21,12.7529661672038,1,"Pennsylvania"
"Philadelphia County, PA",0.88,2020-02-29,3.08483489408514,1,"Philadelphia County, PA"
"Pickaway County, OH",0,2020-03-10,0.286683095208061,1,"Pickaway County, OH"
"Pierce County, WA",0.63,2020-02-29,0.684569014385779,1,"Pierce County, WA"
"Pima County, AZ",1.02,2020-03-06,1.28106287561071,1,"Pima County, AZ"
"Pinal County, AZ",0.73,2020-03-14,0.652521213717241,1,"Pinal County, AZ"
"Pinellas County, FL",0.52,2020-02-29,0.762516469908401,1,"Pinellas County, FL"
"Plymouth County, MA",1.02,2020-03-06,1.52402346414812,1,"Plymouth County, MA"
"Polk County, FL",1.24,2020-03-13,0.625283549413573,1,"Polk County, FL"
"Portage County, OH",0.58,2020-03-07,0.600923019007993,1,"Portage County, OH"
"Prince George's County, MD",0.84,2020-02-28,5.25918643350613,1,"Prince George's County, MD"
"Prince William County, VA",1.16,2020-03-13,0.290976710828212,1,"Prince William County, VA"
"Providence County, RI",0.89,2020-03-06,1.88520168033675,1,"Providence County, RI"
"Putnam County, NY",0,2020-01-27,1.11769244768553,1,"Putnam County, NY"
"Queens County, NY",1.06,2020-02-21,15.4523380671785,1,"Queens County, NY"
"Racine County, WI",0.33,2020-03-14,0.357320705530379,1,"Racine County, WI"
"Ramsey County, MN",0.32,2020-02-29,0.419067261157995,1,"Ramsey County, MN"
"Rensselaer County, NY",0,2020-03-10,0.268586141246379,1,"Rensselaer County, NY"
"Rhode Island",1.26,2020-03-06,2.48514337849446,1,"Rhode Island"
"Richland County, SC",0.69,2020-03-06,0.843994314318047,1,"Richland County, SC"
"Richmond County, GA",0.79,2020-03-13,0.780464872834651,1,"Richmond County, GA"
"Richmond County, NY",1.15,2020-02-28,3.59278262380647,1,"Richmond County, NY"
"Riverside County, CA",0.51,2020-02-21,0.836713559954279,1,"Riverside County, CA"
"Rockingham County, NH",0.79,2020-03-13,0.251767130704127,1,"Rockingham County, NH"
"Rock Island County, IL",0.02,2020-03-13,0.224973771587949,1,"Rock Island County, IL"
"Rowan County, NC",0.86,2020-03-13,0.253574093874423,1,"Rowan County, NC"
"Sacramento County, CA",0.44,2020-02-21,0.339156107263595,1,"Sacramento County, CA"
"Saginaw County, MI",0.02,2020-03-15,0.381591477501547,1,"Saginaw County, MI"
"Salem County, NJ",1.1,2020-03-13,0.327653139454776,1,"Salem County, NJ"
"San Bernardino County, CA",1.13,2020-03-06,0.562281159264511,1,"San Bernardino County, CA"
"San Diego County, CA",0.72,2020-02-28,1.46436692079884,1,"San Diego County, CA"
"San Francisco County, CA",1.25,2020-03-06,0.64797420202566,1,"San Francisco County, CA"
"Sangamon County, IL",0.23,2020-02-29,0.272016061954883,1,"Sangamon County, IL"
"San Joaquin County, CA",0.68,2020-02-29,0.542718925452368,1,"San Joaquin County, CA"
"San Juan County, NM",0,2020-03-13,0.248565213660066,1,"San Juan County, NM"
"San Mateo County, CA",0.7,2020-02-28,0.818295147549433,1,"San Mateo County, CA"
"Santa Clara County, CA",0.38,2020-02-04,1.45139506857468,1,"Santa Clara County, CA"
"Sarasota County, FL",0.75,2020-03-06,0.79563095290795,1,"Sarasota County, FL"
"Schenectady County, NY",0.76,2020-03-06,0.868475730933739,1,"Schenectady County, NY"
"Sedgwick County, KS",0.57,2020-03-13,0.25630211174007,1,"Sedgwick County, KS"
"Shelby County, AL",0.58,2020-03-07,0.765304182687901,1,"Shelby County, AL"
"Shelby County, IN",0,2020-03-16,0.216718762393956,1,"Shelby County, IN"
"Shelby County, TN",0.88,2020-03-07,1.57557292996964,1,"Shelby County, TN"
"Shiawassee County, MI",0,2020-03-16,0.22182960689644,1,"Shiawassee County, MI"
"Snohomish County, WA",0.53,2020-02-15,1.44199506319388,1,"Snohomish County, WA"
"Somerset County, NJ",0.77,2020-02-28,1.9948561787465,1,"Somerset County, NJ"
"South Carolina",0.84,2020-02-28,3.70272700116443,1,"South Carolina"
"South Dakota",0.26,2020-02-02,7.20044028034292,1,"South Dakota"
"Spokane County, WA",1.02,2020-03-06,0.970316816697521,1,"Spokane County, WA"
"Stanislaus County, CA",0,2020-03-10,0.231755619398539,1,"Stanislaus County, CA"
"Stark County, OH",0.82,2020-03-06,0.335111855825426,1,"Stark County, OH"
"St. Charles County, MO",0.57,2020-03-06,0.679950242444611,1,"St. Charles County, MO"
"St. Clair County, IL",1.33,2020-03-12,0.319895703967696,1,"St. Clair County, IL"
"St. Clair County, MI",0.73,2020-03-13,0.561029099167004,1,"St. Clair County, MI"
"Steuben County, NY",0,2020-03-10,0.268587128814743,1,"Steuben County, NY"
"St. Joseph County, IN",0.56,2020-03-13,0.231350519133182,1,"St. Joseph County, IN"
"St. Louis County, MO",0.93,2020-03-06,3.36240138893376,1,"St. Louis County, MO"
"St. Lucie County, FL",0.63,2020-03-07,0.53733980892322,1,"St. Lucie County, FL"
"Suffolk County, MA",0.88,2020-02-29,3.11238087757526,1,"Suffolk County, MA"
"Suffolk County, NY",1.31,2020-02-28,11.0535239504054,1,"Suffolk County, NY"
"Summit County, OH",1.09,2020-03-06,0.83324498400158,1,"Summit County, OH"
"Sumner County, TN",0.85,2020-03-06,1.27006664415778,1,"Sumner County, TN"
"Sussex County, DE",0.63,2020-03-07,0.445636345868113,1,"Sussex County, DE"
"Sussex County, NJ",0.89,2020-03-06,1.29585332871535,1,"Sussex County, NJ"
"Tallapoosa County, AL",0.73,2020-03-13,0.468014240712497,1,"Tallapoosa County, AL"
"Tarrant County, TX",0.88,2020-03-07,1.30114436191256,1,"Tarrant County, TX"
"Tennessee",0.84,2020-02-28,4.12476195375024,1,"Tennessee"
"Texas",0.77,2020-02-22,6.42431650988659,1,"Texas"
"Thomas County, GA",0.83,2020-03-13,1.61901024108364,1,"Thomas County, GA"
"Tolland County, CT",1.31,2020-03-06,0.625783969578929,1,"Tolland County, CT"
"Travis County, TX",0.61,2020-03-06,0.746651861099095,1,"Travis County, TX"
"Trumbull County, OH",0.92,2020-03-06,0.733494221605314,1,"Trumbull County, OH"
"Tulare County, CA",0.33,2020-03-08,0.330733627442077,1,"Tulare County, CA"
"Tulsa County, OK",0.79,2020-03-06,0.633208923731013,1,"Tulsa County, OK"
"Ulster County, NY",0.67,2020-03-06,0.645613827934004,1,"Ulster County, NY"
"Union County, NC",0,2020-03-14,0.293781202241134,1,"Union County, NC"
"Union County, NJ",0.94,2020-02-28,4.9132161571047,1,"Union County, NJ"
"Upson County, GA",0,2020-01-27,1.04460235228041,1,"Upson County, GA"
"Utah",0.38,2020-02-18,6.9256965471765,1,"Utah"
"Ventura County, CA",1.07,2020-03-06,0.485653504609863,1,"Ventura County, CA"
"Vermont",0.51,2020-02-22,1.17119210698142,1,"Vermont"
"Virginia",0.94,2020-02-28,7.13068580531985,1,"Virginia"
"Volusia County, FL",1.1,2020-03-13,0.437933048295577,1,"Volusia County, FL"
"Wagoner County, OK",0.99,2020-03-13,0.321116006746256,1,"Wagoner County, OK"
"Wake County, NC",0,2020-03-14,0.293773273006225,1,"Wake County, NC"
"Warren County, NJ",0.68,2020-03-06,0.271240030553089,1,"Warren County, NJ"
"Warren County, NY",0,2020-03-10,0.268211460804872,1,"Warren County, NY"
"Warrick County, IN",0,2020-03-16,0.216709225919575,1,"Warrick County, IN"
"Washington",0.47,2020-01-27,4.44951528483679,1,"Washington"
"Washington County, OH",0,2020-03-10,0.286679668010493,1,"Washington County, OH"
"Washington County, RI",0,2020-03-16,0.274239973524007,1,"Washington County, RI"
"Washington County, TX",1.26,2020-03-20,0.265689515999524,1,"Washington County, TX"
"Washoe County, NV",0.9,2020-03-06,1.14483510252253,1,"Washoe County, NV"
"Washtenaw County, MI",0.58,2020-02-29,0.769710024078714,1,"Washtenaw County, MI"
"Waukesha County, WI",1.33,2020-03-13,0.622263222853267,1,"Waukesha County, WI"
"Wayne County, MI",0.97,2020-02-22,17.1981546048087,1,"Wayne County, MI"
"Wayne County, OH",0,2020-03-10,0.286657190199749,1,"Wayne County, OH"
"Webb County, TX",0.54,2020-03-06,0.888686755691565,1,"Webb County, TX"
"Weld County, CO",1.24,2020-03-06,0.683473150109062,1,"Weld County, CO"
"Westchester County, NY",1.25,2020-02-28,19.9517657200273,1,"Westchester County, NY"
"Westmoreland County, PA",0,2020-03-10,0.284182162506803,1,"Westmoreland County, PA"
"West Virginia",1.3,2020-03-13,0.363638597716152,1,"West Virginia"
"Whatcom County, WA",0.68,2020-02-29,1.16863311522455,1,"Whatcom County, WA"
"Will County, IL",1.17,2020-03-06,0.432940652675577,1,"Will County, IL"
"Winnebago County, IL",0.38,2020-03-13,0.24959040597282,1,"Winnebago County, IL"
"Wisconsin",0.97,2020-02-28,5.5827260540562,1,"Wisconsin"
"Wood County, OH",0,2020-03-10,0.286654557039299,1,"Wood County, OH"
"Worcester County, MA",1.33,2020-03-06,1.03150602227769,1,"Worcester County, MA"
"Wyandotte County, KS",0.94,2020-03-06,1.84744806423016,1,"Wyandotte County, KS"
"Wyoming",0.31,2020-03-03,1.61218327716464,1,"Wyoming"
"Yakima County, WA",1.03,2020-03-06,0.966844815430335,1,"Yakima County, WA"
"Yolo County, CA",0.39,2020-03-06,0.234449979246612,1,"Yolo County, CA"
